{
    "bleach_cleanser": [
        [
            -0.005, 
            0.0122, 
            0.00226
        ], 
        [
            -0.007, 
            -0.7069, 
            0.7072, 
            -0.0074
        ]
    ], 
    "bowl": [
        [
            -0.001, 
            -0.002, 
            0.001
        ], 
        [
            0.687, 
            -0.19, 
            0.21, 
            0.669
        ]
    ], 
    "cracker_box": [
        [
            -0.002, 
            0.005, 
            -0.005
        ], 
        [
            0.509, 
            -0.501, 
            -0.498, 
            -0.49
        ]
    ], 
    "master_chef_can": [
        [
            0.0013, 
            -0.003, 
            0.0
        ], 
        [
            0.684, 
            -0.181, 
            0.18, 
            0.684
        ]
    ], 
    "mug": [
        [
            -0.008, 
            0.002, 
            -0.001
        ], 
        [
            0.709, 
            -0.002, 
            0.009, 
            0.705
        ]
    ], 
    "mustard_bottle": [
        [
            0.0, 
            0.012, 
            0.002
        ], 
        [
            0.698, 
            -0.141, 
            0.139, 
            0.688
        ]
    ], 
    "potted_meat_can": [
        [
            0.002, 
            -0.008, 
            0.001
        ], 
        [
            0.707, 
            0.018, 
            -0.019, 
            0.707
        ]
    ], 
    "power_drill": [
        [
            0.008, 
            -0.021, 
            0.0
        ], 
        [
            0.716, 
            0.018, 
            -0.006, 
            0.698
        ]
    ], 
    "pudding_box": [
        [
            -0.001, 
            0.004, 
            -0.003
        ], 
        [
            0.971, 
            0.239, 
            0.02, 
            -0.01
        ]
    ], 
    "sugar_box": [
        [
            -0.001, 
            -0.005, 
            -0.001
        ], 
        [
            0.487, 
            -0.495, 
            0.521, 
            0.496
        ]
    ], 
    "tomato_soup_can": [
        [
            0, 
            -0.01, 
            0.00176
        ], 
        [
            -0.048, 
            0.7076, 
            -0.704, 
            -0.0426
        ]
    ]
}